siren;siret;codeCommuneEtablissement;etatAdministratifEtablissement;activitePrincipaleEtablissement;trancheEffectifsEtablissement
19232696;19232696;2D003;A;52.1;03
57557731;57557731;2C003;A;52.1;03
35207514;35207514;2A003;A;52.1;03
62700822;62700822;2B015;A;52.1;03
27953945;27953945;2A018;A;52.1;03
54275483;54275483;1B020;A;52.1;03
81564997;81564997;2B018;A;52.1;03
24253777;24253777;2B023;A;52.1;03
96847715;96847715;1B016;A;52.1;03
14912992;14912992;1D003;A;52.1;03
32442003;32442003;2D014;A;52.1;03
24991382;24991382;2A006;A;52.1;03
28407877;28407877;1C001;A;52.1;03
47192211;47192211;1C003;A;52.1;03
68450013;68450013;2B001;A;52.1;03
53098662;53098662;1D016;A;52.1;03
32715883;32715883;2D010;A;52.1;03
9382966;9382966;1D021;A;52.1;03
97029575;97029575;2D004;A;52.1;03
84934173;84934173;2C018;A;52.1;03
79127538;79127538;2C018;A;52.1;03
95722886;95722886;2D013;A;52.1;03
8904420;8904420;2C022;A;52.1;03
84507566;84507566;2C016;A;52.1;03
12023415;12023415;1A008;A;52.1;03
32599408;32599408;2D010;A;52.1;03
4016981;4016981;1D002;A;52.1;03
5635582;5635582;2C021;A;52.1;03
92935069;92935069;1D023;A;52.1;03
83489826;83489826;1D006;A;52.1;03
20908188;20908188;1A019;A;52.1;03
54494977;54494977;2D003;A;52.1;03
19758768;19758768;1C021;A;52.1;03
22681401;22681401;1D015;A;52.1;03
66777805;66777805;1D011;A;52.1;03
44573757;44573757;2D011;A;52.1;03
66265092;66265092;2A010;A;52.1;03
79499586;79499586;2C006;A;52.1;03
6595145;6595145;2D024;A;52.1;03
1393196;1393196;1C018;A;52.1;03
39002706;39002706;1A001;A;52.1;03
83213188;83213188;2A018;A;52.1;03
72074984;72074984;1A012;A;52.1;03
45883873;45883873;2D022;A;52.1;03
51284090;51284090;2D017;A;52.1;03
13040356;13040356;2C005;A;52.1;03
16020849;16020849;2A002;A;52.1;03
96314725;96314725;1D002;A;52.1;03
94802534;94802534;2B003;A;52.1;03
83745726;83745726;2D020;A;52.1;03
14170280;14170280;2D008;A;52.1;03
44096528;44096528;2C025;A;52.1;03
75773777;75773777;1C006;A;52.1;03
42267354;42267354;2D009;A;52.1;03
47949431;47949431;2B003;A;52.1;03
89821740;89821740;2D008;A;52.1;03
31337067;31337067;2A006;A;52.1;03
95665771;95665771;1A015;A;52.1;03
47763887;47763887;2A002;A;52.1;03
38301973;38301973;2A013;A;52.1;03
48058530;48058530;2C009;A;52.1;03
80280393;80280393;1A007;A;52.1;03
69049597;69049597;2B017;A;52.1;03
70233196;70233196;1A020;A;52.1;03
37486632;37486632;2C020;A;52.1;03
22631197;22631197;2A008;A;52.1;03
25890140;25890140;2D017;A;52.1;03
47596247;47596247;2B025;A;52.1;03
81541826;81541826;2D023;A;52.1;03
44714378;44714378;1B011;A;52.1;03
54262297;54262297;2B019;A;52.1;03
42863189;42863189;2A003;A;52.1;03
96171304;96171304;2C017;A;52.1;03
75662854;75662854;1B011;A;52.1;03
59181522;59181522;1A007;A;52.1;03
20077712;20077712;2D014;A;52.1;03
84255405;84255405;2B025;A;52.1;03
71130776;71130776;1B021;A;52.1;03
71627542;71627542;1D021;A;52.1;03
62563259;62563259;1B025;A;52.1;03
10773483;10773483;1B005;A;52.1;03
49901662;49901662;2A005;A;52.1;03
21268397;21268397;1C012;A;52.1;03
37791495;37791495;1B007;A;52.1;03
43065090;43065090;1B009;A;52.1;03
11243464;11243464;2B020;A;52.1;03
76439160;76439160;1A009;A;52.1;03
71391133;71391133;2A013;A;52.1;03
8502534;8502534;1B015;A;52.1;03
73082420;73082420;2D004;A;52.1;03
22715137;22715137;2B016;A;52.1;03
42589791;42589791;2C006;A;52.1;03
48949035;48949035;2C021;A;52.1;03
51280490;51280490;1C019;A;52.1;03
13107517;13107517;2C023;A;52.1;03
18280815;18280815;1D023;A;52.1;03
57888589;57888589;1C019;A;52.1;03
74228142;74228142;1C014;A;52.1;03
93285877;93285877;1B018;A;52.1;03
20797128;20797128;2C001;A;52.1;03
1651525;1651525;1D006;A;52.1;03
38361931;38361931;1C007;A;52.1;03
82019615;82019615;1D006;A;52.1;03
39732770;39732770;1D002;A;52.1;03
97248524;97248524;1A019;A;52.1;03
57313108;57313108;2B014;A;52.1;03
98008206;98008206;2C010;A;52.1;03
78750749;78750749;1C011;A;52.1;03
23948086;23948086;1A008;A;52.1;03
37115165;37115165;2C017;A;52.1;03
60596097;60596097;1D016;A;52.1;03
16831003;16831003;2D019;A;52.1;03
10636489;10636489;1A010;A;52.1;03
37173803;37173803;1B018;A;52.1;03
48256508;48256508;2D021;A;52.1;03
21821528;21821528;2A004;A;52.1;03
60026216;60026216;2B011;A;52.1;03
41947549;41947549;2B007;A;52.1;03
78468257;78468257;1A018;A;52.1;03
65309130;65309130;1A018;A;52.1;03
9269311;9269311;1D022;A;52.1;03
67605425;67605425;2B008;A;52.1;03
71145100;71145100;1A012;A;52.1;03
96221318;96221318;1D014;A;52.1;03
92368326;92368326;1D024;A;52.1;03
24147962;24147962;1D022;A;52.1;03
61436958;61436958;1A009;A;52.1;03
56656490;56656490;2A011;A;52.1;03
69287493;69287493;2A004;A;52.1;03
41356826;41356826;1C016;A;52.1;03
39257532;39257532;1D024;A;52.1;03
89888786;89888786;2B002;A;52.1;03
27947004;27947004;2D024;A;52.1;03
97547847;97547847;2C014;A;52.1;03
48626324;48626324;1D008;A;52.1;03
81121880;81121880;2A016;A;52.1;03
74552030;74552030;1D011;A;52.1;03
2584539;2584539;1C019;A;52.1;03
51551256;51551256;1C001;A;52.1;03
89109756;89109756;2C001;A;52.1;03
63609475;63609475;1C025;A;52.1;03
99674757;99674757;1A023;A;52.1;03
18803085;18803085;1A015;A;52.1;03
14951659;14951659;2A003;A;52.1;03
40220049;40220049;2A009;A;52.1;03
73192280;73192280;1D012;A;52.1;03
35942545;35942545;2C014;A;52.1;03
5149182;5149182;1D004;A;52.1;03
28977697;28977697;2A011;A;52.1;03
65632024;65632024;2A002;A;52.1;03
31193444;31193444;2D023;A;52.1;03
40264485;40264485;1D014;A;52.1;03
50573524;50573524;2B017;A;52.1;03
23834258;23834258;1A004;A;52.1;03
86795982;86795982;2C020;A;52.1;03
37139930;37139930;2D004;A;52.1;03
81455482;81455482;1C009;A;52.1;03
47858383;47858383;1B018;A;52.1;03
55003880;55003880;1A010;A;52.1;03
1853441;1853441;2D004;A;52.1;03
29195981;29195981;2C011;A;52.1;03
27391870;27391870;2C019;A;52.1;03
68065822;68065822;2D019;A;52.1;03
17619921;17619921;2B003;A;52.1;03
26862900;26862900;1D024;A;52.1;03
76140735;76140735;2D023;A;52.1;03
1127589;1127589;1C006;A;52.1;03
42453670;42453670;1B021;A;52.1;03
50828830;50828830;1B011;A;52.1;03
44847146;44847146;2B025;A;52.1;03
7989233;7989233;2D006;A;52.1;03
41719140;41719140;1D011;A;52.1;03
40736522;40736522;2C006;A;52.1;03
44004328;44004328;1A014;A;52.1;03
84602321;84602321;1C003;A;52.1;03
71833390;71833390;2A024;A;52.1;03
27479989;27479989;2A025;A;52.1;03
76976698;76976698;1D019;A;52.1;03
88741780;88741780;1C013;A;52.1;03
24345390;24345390;2B025;A;52.1;03
38469838;38469838;2D012;A;52.1;03
36763616;36763616;1C002;A;52.1;03
42428300;42428300;2A004;A;52.1;03
95819211;95819211;1A002;A;52.1;03
96382084;96382084;1B017;A;52.1;03
84330513;84330513;2A021;A;52.1;03
18073134;18073134;1C025;A;52.1;03
63771667;63771667;2D024;A;52.1;03
46291465;46291465;1C018;A;52.1;03
52597000;52597000;1A016;A;52.1;03
68135402;68135402;2A013;A;52.1;03
8065044;8065044;2D020;A;52.1;03
47651431;47651431;1C003;A;52.1;03
58779310;58779310;1C015;A;52.1;03
5990895;5990895;1B018;A;52.1;03
52471930;52471930;2D005;A;52.1;03
28111856;28111856;2B008;A;52.1;03
51954646;51954646;2C022;A;52.1;03
72274719;72274719;2C011;A;52.1;03
62782553;62782553;1A017;A;52.1;03
51068134;51068134;1A015;A;52.1;03
46540345;46540345;1D015;A;52.1;03
80025289;80025289;2A011;A;52.1;03
7253969;7253969;2B001;A;52.1;03
56845756;56845756;2B024;A;52.1;03
73907919;73907919;2B001;A;52.1;03
89664781;89664781;2D011;A;52.1;03
22739704;22739704;2C006;A;52.1;03
16363715;16363715;1A004;A;52.1;03
12474118;12474118;2D008;A;52.1;03
58858251;58858251;1C004;A;52.1;03
72642607;72642607;1A018;A;52.1;03
10698255;10698255;2D008;A;52.1;03
24748616;24748616;1A006;A;52.1;03
83574565;83574565;2B015;A;52.1;03
63425330;63425330;1D021;A;52.1;03
11680977;11680977;1C014;A;52.1;03
52788694;52788694;1A006;A;52.1;03
88691617;88691617;1B012;A;52.1;03
36545148;36545148;1B025;A;52.1;03
37203885;37203885;1D010;A;52.1;03
78787269;78787269;2B016;A;52.1;03
21256258;21256258;2C007;A;52.1;03
22051671;22051671;1C018;A;52.1;03
1723327;1723327;1D005;A;52.1;03
68008864;68008864;1C013;A;52.1;03
30519764;30519764;1C012;A;52.1;03
3685143;3685143;2C019;A;52.1;03
84853006;84853006;2D024;A;52.1;03
46366791;46366791;1C010;A;52.1;03
60277445;60277445;1D014;A;52.1;03
35480564;35480564;1C010;A;52.1;03
28271271;28271271;1C009;A;52.1;03
48776585;48776585;1D016;A;52.1;03
76263458;76263458;1D024;A;52.1;03
24862143;24862143;2B021;A;52.1;03
64300666;64300666;1C021;A;52.1;03
68984377;68984377;1D013;A;52.1;03
1357791;1357791;1A015;A;52.1;03
36779163;36779163;2A020;A;52.1;03
5504441;5504441;2D024;A;52.1;03
19121317;19121317;1B012;A;52.1;03
22479151;22479151;1A016;A;52.1;03
86216438;86216438;2A011;A;52.1;03
8457406;8457406;1B002;A;52.1;03
19854636;19854636;2B002;A;52.1;03
32621587;32621587;1A025;A;52.1;03
3630193;3630193;2B006;A;52.1;03
91351790;91351790;2D017;A;52.1;03
27421616;27421616;2C017;A;52.1;03
87957245;87957245;1B002;A;52.1;03
37556527;37556527;2D001;A;52.1;03
1246504;1246504;2C017;A;52.1;03
75149066;75149066;1D010;A;52.1;03
62226106;62226106;2A021;A;52.1;03
46219702;46219702;2C019;A;52.1;03
35863597;35863597;2C006;A;52.1;03
42985996;42985996;2C008;A;52.1;03
81002046;81002046;2B023;A;52.1;03
95968514;95968514;2A006;A;52.1;03
96817310;96817310;1A025;A;52.1;03
86470575;86470575;1D012;A;52.1;03
14525383;14525383;1A012;A;52.1;03
96502286;96502286;1D001;A;52.1;03
71833220;71833220;1B018;A;52.1;03
37851211;37851211;1D019;A;52.1;03
8224797;8224797;2D018;A;52.1;03
47511091;47511091;1D018;A;52.1;03
16677392;16677392;1D002;A;52.1;03
48386762;48386762;1B019;A;52.1;03
85402238;85402238;1D019;A;52.1;03
15508413;15508413;2B003;A;52.1;03
76763780;76763780;2C008;A;52.1;03
77077857;77077857;2B012;A;52.1;03
41892590;41892590;1D020;A;52.1;03
32514318;32514318;1D023;A;52.1;03
15398739;15398739;2B015;A;52.1;03
23127632;23127632;1C019;A;52.1;03
93937008;93937008;2B023;A;52.1;03
41286110;41286110;2A012;A;52.1;03
3262921;3262921;2A019;A;52.1;03
34699216;34699216;2A018;A;52.1;03
45560678;45560678;2D013;A;52.1;03
96888271;96888271;2C021;A;52.1;03
86392368;86392368;2D022;A;52.1;03
90000016;90000016;2A019;A;52.1;03
21918965;21918965;1D001;A;52.1;03
34768651;34768651;1D013;A;52.1;03
92218420;92218420;2C002;A;52.1;03
85786070;85786070;1C018;A;52.1;03
2245841;2245841;1C003;A;52.1;03
99157202;99157202;2A015;A;52.1;03
52540644;52540644;1C002;A;52.1;03
54941406;54941406;2D025;A;52.1;03
72516536;72516536;1C019;A;52.1;03
44031487;44031487;2C010;A;52.1;03
82358294;82358294;1B017;A;52.1;03
35879080;35879080;1D015;A;52.1;03
30486924;30486924;1B014;A;52.1;03
91425959;91425959;1D001;A;52.1;03
65597718;65597718;2D013;A;52.1;03
4717510;4717510;2A012;A;52.1;03
14765269;14765269;1D007;A;52.1;03
12707810;12707810;2C001;A;52.1;03
48101080;48101080;2B012;A;52.1;03
88822778;88822778;2D019;A;52.1;03
42183625;42183625;2A011;A;52.1;03
12580727;12580727;1A010;A;52.1;03
35870275;35870275;1C004;A;52.1;03
85044814;85044814;1C018;A;52.1;03
73352081;73352081;2C016;A;52.1;03
10194838;10194838;1D015;A;52.1;03
16314911;16314911;1D015;A;52.1;03
98260529;98260529;2A011;A;52.1;03
76508957;76508957;1C014;A;52.1;03
33575689;33575689;2A010;A;52.1;03
66640988;66640988;1D016;A;52.1;03
32204724;32204724;2C010;A;52.1;03
20946945;20946945;1A019;A;52.1;03
58087573;58087573;2A002;A;52.1;03
41611491;41611491;2A002;A;52.1;03
3621921;3621921;1B015;A;52.1;03
60901730;60901730;2C001;A;52.1;03
58132875;58132875;1C020;A;52.1;03
4730488;4730488;1C019;A;52.1;03
41710762;41710762;1D023;A;52.1;03
8664205;8664205;1D019;A;52.1;03
70053030;70053030;1B020;A;52.1;03
43285518;43285518;2D008;A;52.1;03
30363807;30363807;2B024;A;52.1;03
45025341;45025341;2D023;A;52.1;03
86720476;86720476;2A023;A;52.1;03
40517852;40517852;2A012;A;52.1;03
98835161;98835161;2B019;A;52.1;03
99081717;99081717;2A013;A;52.1;03
65068285;65068285;1B012;A;52.1;03
33123373;33123373;1B005;A;52.1;03
10407062;10407062;2D003;A;52.1;03
52130699;52130699;2C020;A;52.1;03
52966301;52966301;2A017;A;52.1;03
25417328;25417328;1D022;A;52.1;03
73922893;73922893;2A003;A;52.1;03
16487589;16487589;2A019;A;52.1;03
19029172;19029172;2A024;A;52.1;03
13156574;13156574;2D018;A;52.1;03
35065937;35065937;2C004;A;52.1;03
56669755;56669755;1B002;A;52.1;03
74679174;74679174;1A016;A;52.1;03
72127385;72127385;2B010;A;52.1;03
90718681;90718681;1B012;A;52.1;03
86086855;86086855;1A016;A;52.1;03
58310047;58310047;1A008;A;52.1;03
34840679;34840679;1B012;A;52.1;03
1755789;1755789;2D025;A;52.1;03
69441203;69441203;1D019;A;52.1;03
93033975;93033975;1D023;A;52.1;03
46249658;46249658;1C021;A;52.1;03
8963933;8963933;1A023;A;52.1;03
41655830;41655830;1B001;A;52.1;03
88053608;88053608;1D025;A;52.1;03
83769140;83769140;1B014;A;52.1;03
39613902;39613902;1C024;A;52.1;03
53402984;53402984;1C015;A;52.1;03
29526937;29526937;1B008;A;52.1;03
88664303;88664303;2A010;A;52.1;03
99118571;99118571;2C023;A;52.1;03
31779092;31779092;2C016;A;52.1;03
14406595;14406595;1D018;A;52.1;03
62829771;62829771;1C025;A;52.1;03
4007309;4007309;1A023;A;52.1;03
11389952;11389952;1C020;A;52.1;03
74204645;74204645;1A020;A;52.1;03
6413074;6413074;1C007;A;52.1;03
44965632;44965632;2C006;A;52.1;03
56612001;56612001;1C001;A;52.1;03
30377758;30377758;2A025;A;52.1;03
28563075;28563075;1D004;A;52.1;03
19970467;19970467;2B017;A;52.1;03
2710352;2710352;2B010;A;52.1;03
67766190;67766190;2B002;A;52.1;03
98056835;98056835;2C010;A;52.1;03
22259643;22259643;1A009;A;52.1;03
12551104;12551104;2B020;A;52.1;03
88027777;88027777;2D023;A;52.1;03
55041287;55041287;2A023;A;52.1;03
28711518;28711518;1C025;A;52.1;03
8568152;8568152;1C016;A;52.1;03
41777567;41777567;2B010;A;52.1;03
76626870;76626870;2B016;A;52.1;03
32081520;32081520;1C015;A;52.1;03
70337122;70337122;1C019;A;52.1;03
78826054;78826054;2D017;A;52.1;03
99365783;99365783;2D011;A;52.1;03
37785624;37785624;2D015;A;52.1;03
72371303;72371303;1C014;A;52.1;03
74122970;74122970;2C016;A;52.1;03
48081498;48081498;1A003;A;52.1;03
77372453;77372453;2C022;A;52.1;03
89784462;89784462;2B009;A;52.1;03
96133821;96133821;1C008;A;52.1;03
83379743;83379743;2B022;A;52.1;03
38202477;38202477;2B011;A;52.1;03
92120841;92120841;1D024;A;52.1;03
82557070;82557070;1C002;A;52.1;03
33253578;33253578;2D015;A;52.1;03
70745803;70745803;1C005;A;52.1;03
82199455;82199455;1A020;A;52.1;03
69289757;69289757;1A020;A;52.1;03
1240498;1240498;2A012;A;52.1;03
8675091;8675091;2A023;A;52.1;03
39494240;39494240;1A016;A;52.1;03
71040627;71040627;1B025;A;52.1;03
54459312;54459312;2B023;A;52.1;03
93651358;93651358;2D016;A;52.1;03
25176702;25176702;1A021;A;52.1;03
65292555;65292555;2B002;A;52.1;03
69978596;69978596;1B011;A;52.1;03
23016063;23016063;2D003;A;52.1;03
95789131;95789131;2B014;A;52.1;03
87721408;87721408;2A010;A;52.1;03
85354705;85354705;2C018;A;52.1;03
35058240;35058240;1A013;A;52.1;03
65476775;65476775;2B017;A;52.1;03
37461050;37461050;2B024;A;52.1;03
53446255;53446255;2D016;A;52.1;03
49198725;49198725;1C010;A;52.1;03
1910724;1910724;2D004;A;52.1;03
53116840;53116840;2D016;A;52.1;03
93194712;93194712;1C020;A;52.1;03
88270874;88270874;1D010;A;52.1;03
51215342;51215342;1C010;A;52.1;03
33124457;33124457;1D019;A;52.1;03
31138380;31138380;2C024;A;52.1;03
28935369;28935369;2D024;A;52.1;03
69331721;69331721;2D012;A;52.1;03
44036068;44036068;1D015;A;52.1;03
81639353;81639353;2C015;A;52.1;03
50358967;50358967;2C024;A;52.1;03
83415099;83415099;2D021;A;52.1;03
47757995;47757995;1A022;A;52.1;03
92865080;92865080;1C021;A;52.1;03
24453428;24453428;1C021;A;52.1;03
30962501;30962501;1D018;A;52.1;03
7006877;7006877;1B017;A;52.1;03
45109546;45109546;2C017;A;52.1;03
4839384;4839384;2B012;A;52.1;03
94934297;94934297;1A017;A;52.1;03
4092269;4092269;2B004;A;52.1;03
9316207;9316207;1B015;A;52.1;03
49846866;49846866;2A008;A;52.1;03
42896165;42896165;2D023;A;52.1;03
1083156;1083156;2C017;A;52.1;03
90691265;90691265;2B016;A;52.1;03
57464078;57464078;2A010;A;52.1;03
36899742;36899742;1C011;A;52.1;03
96634202;96634202;2D001;A;52.1;03
39174248;39174248;1D012;A;52.1;03
84521656;84521656;1A004;A;52.1;03
16346005;16346005;1C005;A;52.1;03
69280864;69280864;1C014;A;52.1;03
77004535;77004535;2B022;A;52.1;03
28754621;28754621;1B017;A;52.1;03
29786034;29786034;1A012;A;52.1;03
88458784;88458784;1A011;A;52.1;03
43423666;43423666;2B021;A;52.1;03
67662241;67662241;2D011;A;52.1;03
43976126;43976126;2A002;A;52.1;03
13098685;13098685;1D014;A;52.1;03
47285857;47285857;1C009;A;52.1;03
94376886;94376886;1A003;A;52.1;03
12339068;12339068;1B020;A;52.1;03
44625698;44625698;2B011;A;52.1;03
4931560;4931560;1C020;A;52.1;03
77720802;77720802;2A004;A;52.1;03
15206555;15206555;1C023;A;52.1;03
69017484;69017484;2D009;A;52.1;03
36741362;36741362;2C024;A;52.1;03
62375972;62375972;1D024;A;52.1;03
47257669;47257669;2B016;A;52.1;03
2478243;2478243;1B006;A;52.1;03
34102533;34102533;1C017;A;52.1;03
77278178;77278178;1A018;A;52.1;03
75339806;75339806;2D010;A;52.1;03
34575328;34575328;2D025;A;52.1;03
51615282;51615282;2C014;A;52.1;03
70763446;70763446;2B016;A;52.1;03
39441350;39441350;1B018;A;52.1;03
89482199;89482199;2D016;A;52.1;03
80754347;80754347;2B024;A;52.1;03
93132817;93132817;2B005;A;52.1;03
49604404;49604404;1A008;A;52.1;03
34329046;34329046;2D008;A;52.1;03
83589277;83589277;2C008;A;52.1;03
86491513;86491513;2D022;A;52.1;03
43863243;43863243;2B016;A;52.1;03
62284527;62284527;1C022;A;52.1;03
29889111;29889111;1C022;A;52.1;03
43257276;43257276;1C002;A;52.1;03
42725864;42725864;2A007;A;52.1;03
52601312;52601312;2B016;A;52.1;03
92898804;92898804;2D022;A;52.1;03
27013570;27013570;1A011;A;52.1;03
92661113;92661113;2D017;A;52.1;03
92105806;92105806;2B002;A;52.1;03
55237039;55237039;2A020;A;52.1;03
14845326;14845326;1C010;A;52.1;03
13775726;13775726;1A014;A;52.1;03
53544491;53544491;1D014;A;52.1;03
62374287;62374287;2A024;A;52.1;03
46082388;46082388;1B020;A;52.1;03
5579793;5579793;1A011;A;52.1;03
16716583;16716583;2A022;A;52.1;03
71235504;71235504;2B010;A;52.1;03
54367597;54367597;1B020;A;52.1;03
66927553;66927553;1A005;A;52.1;03
3447045;3447045;1D021;A;52.1;03
34317482;34317482;1D021;A;52.1;03
38845258;38845258;2A004;A;52.1;03
29135210;29135210;1A017;A;52.1;03
47187375;47187375;1C016;A;52.1;03
37821263;37821263;2D020;A;52.1;03
26934159;26934159;2A020;A;52.1;03
48454285;48454285;2C008;A;52.1;03
22498073;22498073;1C025;A;52.1;03
18150036;18150036;2C003;A;52.1;03
62645531;62645531;1A009;A;52.1;03
90231678;90231678;1B023;A;52.1;03
90445852;90445852;1D020;A;52.1;03
62681947;62681947;1B001;A;52.1;03
67556118;67556118;1A010;A;52.1;03
60519024;60519024;1C023;A;52.1;03
85279985;85279985;2D021;A;52.1;03
84462746;84462746;2C021;A;52.1;03
36562096;36562096;1A014;A;52.1;03
30386090;30386090;1B007;A;52.1;03
99821315;99821315;1B022;A;52.1;03
48346773;48346773;2B025;A;52.1;03
19828083;19828083;2B004;A;52.1;03
11010815;11010815;2B001;A;52.1;03
98963677;98963677;2D021;A;52.1;03
35542336;35542336;1C009;A;52.1;03
35310311;35310311;1C021;A;52.1;03
64208364;64208364;1D014;A;52.1;03
327135;327135;2B002;A;52.1;03
63066685;63066685;1C004;A;52.1;03
80921270;80921270;1A016;A;52.1;03
11275714;11275714;2B008;A;52.1;03
93722713;93722713;2D010;A;52.1;03
24011422;24011422;2B013;A;52.1;03
73471953;73471953;1B005;A;52.1;03
74748168;74748168;1B005;A;52.1;03
5999736;5999736;1B002;A;52.1;03
80271518;80271518;1A005;A;52.1;03
98135235;98135235;2C006;A;52.1;03
9674519;9674519;1B005;A;52.1;03
68308576;68308576;2B020;A;52.1;03
60431407;60431407;2A013;A;52.1;03
48943371;48943371;1A015;A;52.1;03
38315309;38315309;2B008;A;52.1;03
73408603;73408603;1C024;A;52.1;03
43209983;43209983;1A012;A;52.1;03
82065692;82065692;1A024;A;52.1;03
73221929;73221929;1D014;A;52.1;03
51160795;51160795;2B025;A;52.1;03
76223239;76223239;2A006;A;52.1;03
85788604;85788604;2D019;A;52.1;03
21552949;21552949;1B008;A;52.1;03
11302264;11302264;1A001;A;52.1;03
17409645;17409645;1B012;A;52.1;03
46495864;46495864;2C006;A;52.1;03
34657697;34657697;1A005;A;52.1;03
33630126;33630126;1C011;A;52.1;03
21802769;21802769;2D008;A;52.1;03
4280197;4280197;2A012;A;52.1;03
47836509;47836509;1B014;A;52.1;03
83141990;83141990;2D004;A;52.1;03
60935209;60935209;2C013;A;52.1;03
91020730;91020730;1C018;A;52.1;03
63796837;63796837;1D009;A;52.1;03
74276584;74276584;2A003;A;52.1;03
47685512;47685512;1C004;A;52.1;03
11591532;11591532;2D015;A;52.1;03
93677028;93677028;2A014;A;52.1;03
77104796;77104796;2A024;A;52.1;03
48513882;48513882;1A005;A;52.1;03
48273182;48273182;1D015;A;52.1;03
3973850;3973850;1D011;A;52.1;03
67585408;67585408;2C015;A;52.1;03
5534841;5534841;1A019;A;52.1;03
76043289;76043289;1A002;A;52.1;03
7790214;7790214;2D013;A;52.1;03
68522540;68522540;2C005;A;52.1;03
6657702;6657702;2A017;A;52.1;03
28667050;28667050;1B005;A;52.1;03
49556832;49556832;2C003;A;52.1;03
56441046;56441046;1C005;A;52.1;03
958212;958212;2D020;A;52.1;03
82775106;82775106;1B025;A;52.1;03
52585388;52585388;2D004;A;52.1;03
48288615;48288615;2A021;A;52.1;03
29917369;29917369;2A010;A;52.1;03
23917887;23917887;1D019;A;52.1;03
26339790;26339790;2A023;A;52.1;03
52220699;52220699;1D001;A;52.1;03
47368301;47368301;1C005;A;52.1;03
72357711;72357711;1A001;A;52.1;03
10238254;10238254;1A009;A;52.1;03
56178671;56178671;2C017;A;52.1;03
42553108;42553108;2D006;A;52.1;03
7138939;7138939;1D006;A;52.1;03
22693525;22693525;2B017;A;52.1;03
54184310;54184310;2D010;A;52.1;03
37671970;37671970;2C014;A;52.1;03
31837144;31837144;2C006;A;52.1;03
96407427;96407427;1A024;A;52.1;03
7803094;7803094;2D001;A;52.1;03
64843647;64843647;2A018;A;52.1;03
12327778;12327778;2B019;A;52.1;03
31939918;31939918;2D004;A;52.1;03
52594155;52594155;2A021;A;52.1;03
67989771;67989771;1C012;A;52.1;03
72615296;72615296;2B012;A;52.1;03
96117661;96117661;2C003;A;52.1;03
55565556;55565556;1C006;A;52.1;03
49102029;49102029;1A015;A;52.1;03
23107507;23107507;1D006;A;52.1;03
15295766;15295766;1C023;A;52.1;03
46121318;46121318;1C010;A;52.1;03
45724314;45724314;1D013;A;52.1;03
12032890;12032890;2B025;A;52.1;03
91553589;91553589;2C012;A;52.1;03
36066418;36066418;1C007;A;52.1;03
10857885;10857885;1B013;A;52.1;03
27149991;27149991;2A011;A;52.1;03
66811063;66811063;2D003;A;52.1;03
23414279;23414279;2A006;A;52.1;03
32356268;32356268;2D004;A;52.1;03
70408660;70408660;1D007;A;52.1;03
45308255;45308255;1B012;A;52.1;03
81561839;81561839;1C007;A;52.1;03
57742343;57742343;2C005;A;52.1;03
9716942;9716942;2A024;A;52.1;03
61167629;61167629;2A002;A;52.1;03
14909033;14909033;2C020;A;52.1;03
50885342;50885342;1A023;A;52.1;03
43042289;43042289;2D024;A;52.1;03
63907650;63907650;2B024;A;52.1;03
68497273;68497273;1C009;A;52.1;03
74004742;74004742;2B015;A;52.1;03
20941019;20941019;1B016;A;52.1;03
89906531;89906531;2D019;A;52.1;03
59928620;59928620;1C013;A;52.1;03
40312422;40312422;1B001;A;52.1;03
60199883;60199883;2D022;A;52.1;03
68477429;68477429;2A024;A;52.1;03
75630500;75630500;2B003;A;52.1;03
40503969;40503969;2A008;A;52.1;03
46065515;46065515;1C009;A;52.1;03
23652789;23652789;2B009;A;52.1;03
97901402;97901402;1C017;A;52.1;03
45991705;45991705;2D006;A;52.1;03
74716044;74716044;2D012;A;52.1;03
92406711;92406711;1D010;A;52.1;03
21257672;21257672;2D010;A;52.1;03
34916908;34916908;2B001;A;52.1;03
85943978;85943978;1C012;A;52.1;03
47244725;47244725;2B002;A;52.1;03
48718978;48718978;1B016;A;52.1;03
92010489;92010489;2D016;A;52.1;03
23775112;23775112;2C002;A;52.1;03
33190358;33190358;2B004;A;52.1;03
71917155;71917155;2A006;A;52.1;03
25969871;25969871;1D016;A;52.1;03
79724446;79724446;2C015;A;52.1;03
38501137;38501137;2C025;A;52.1;03
13963966;13963966;1C008;A;52.1;03
49182053;49182053;1B005;A;52.1;03
67681476;67681476;1A022;A;52.1;03
68793971;68793971;2B014;A;52.1;03
74116526;74116526;2A017;A;52.1;03
68841202;68841202;1A002;A;52.1;03
80700550;80700550;2A015;A;52.1;03
4503193;4503193;2A010;A;52.1;03
88499827;88499827;1C002;A;52.1;03
52260024;52260024;2C021;A;52.1;03
43617891;43617891;2B013;A;52.1;03
40369980;40369980;1C021;A;52.1;03
89246661;89246661;2D007;A;52.1;03
51366076;51366076;1C021;A;52.1;03
29819178;29819178;1A012;A;52.1;03
29574106;29574106;1C016;A;52.1;03
70399238;70399238;2D025;A;52.1;03
63397348;63397348;1D010;A;52.1;03
343082;343082;2A006;A;52.1;03
48979235;48979235;1B015;A;52.1;03
15620788;15620788;2B006;A;52.1;03
30617112;30617112;1B011;A;52.1;03
60194320;60194320;2B005;A;52.1;03
19183439;19183439;2B015;A;52.1;03
48036691;48036691;2B020;A;52.1;03
34122397;34122397;2D001;A;52.1;03
121025;121025;2B020;A;52.1;03
97578398;97578398;1D001;A;52.1;03
3985732;3985732;1C010;A;52.1;03
79065066;79065066;1A025;A;52.1;03
51613305;51613305;2D016;A;52.1;03
89893176;89893176;2A008;A;52.1;03
17184864;17184864;1B001;A;52.1;03
90921656;90921656;2B021;A;52.1;03
46537235;46537235;1B017;A;52.1;03
20932696;20932696;1D012;A;52.1;03
48789170;48789170;2B018;A;52.1;03
35459827;35459827;1C019;A;52.1;03
85672306;85672306;1A020;A;52.1;03
67679667;67679667;1D021;A;52.1;03
59254507;59254507;2A016;A;52.1;03
67940354;67940354;2B009;A;52.1;03
99274925;99274925;2A002;A;52.1;03
88654109;88654109;1B024;A;52.1;03
92240653;92240653;2D021;A;52.1;03
74345218;74345218;1D023;A;52.1;03
98308396;98308396;2A011;A;52.1;03
45482096;45482096;1B006;A;52.1;03
56075649;56075649;2B006;A;52.1;03
33131184;33131184;2A003;A;52.1;03
97750671;97750671;1C006;A;52.1;03
88349764;88349764;2D008;A;52.1;03
71280867;71280867;1C006;A;52.1;03
29814834;29814834;1A025;A;52.1;03
34716350;34716350;1A015;A;52.1;03
2097046;2097046;1A002;A;52.1;03
24153282;24153282;2D008;A;52.1;03
79147807;79147807;2D006;A;52.1;03
85348990;85348990;2B024;A;52.1;03
80169347;80169347;2B025;A;52.1;03
15172159;15172159;1C022;A;52.1;03
10502015;10502015;2C001;A;52.1;03
13842092;13842092;1D015;A;52.1;03
52688682;52688682;2B008;A;52.1;03
59134547;59134547;1D006;A;52.1;03
69240405;69240405;1B015;A;52.1;03
44267370;44267370;1A023;A;52.1;03
50871832;50871832;1B020;A;52.1;03
58519313;58519313;2A005;A;52.1;03
95978979;95978979;2A005;A;52.1;03
23871474;23871474;2C019;A;52.1;03
40429611;40429611;1C016;A;52.1;03
33597964;33597964;2A016;A;52.1;03
23733499;23733499;1B018;A;52.1;03
84029869;84029869;2B012;A;52.1;03
90019245;90019245;2D009;A;52.1;03
61062335;61062335;2D025;A;52.1;03
3804761;3804761;1C014;A;52.1;03
91530748;91530748;1B004;A;52.1;03
76371935;76371935;2A005;A;52.1;03
19094120;19094120;2A003;A;52.1;03
68662079;68662079;1A005;A;52.1;03
47647616;47647616;1D010;A;52.1;03
990346;990346;1D025;A;52.1;03
52022961;52022961;2D008;A;52.1;03
11399847;11399847;2A017;A;52.1;03
46763157;46763157;1C022;A;52.1;03
96488396;96488396;2C020;A;52.1;03
2057775;2057775;2D015;A;52.1;03
53074167;53074167;1C007;A;52.1;03
33801899;33801899;2B023;A;52.1;03
38288807;38288807;1B008;A;52.1;03
69172563;69172563;1C024;A;52.1;03
51856430;51856430;1D020;A;52.1;03
35733038;35733038;2A020;A;52.1;03
71383014;71383014;2C016;A;52.1;03
15283512;15283512;2A009;A;52.1;03
52905392;52905392;2B003;A;52.1;03
88558690;88558690;1D003;A;52.1;03
86556258;86556258;1D020;A;52.1;03
92424024;92424024;1C016;A;52.1;03
90833576;90833576;1D002;A;52.1;03
92566152;92566152;2B008;A;52.1;03
43670419;43670419;1D015;A;52.1;03
49075228;49075228;2A007;A;52.1;03
10927463;10927463;1B003;A;52.1;03
42786093;42786093;1A010;A;52.1;03
78474838;78474838;1C023;A;52.1;03
69259656;69259656;2D015;A;52.1;03
54847725;54847725;1D025;A;52.1;03
7827765;7827765;2C003;A;52.1;03
27134350;27134350;1A010;A;52.1;03
94310395;94310395;2B003;A;52.1;03
9377584;9377584;2A014;A;52.1;03
57233987;57233987;1C019;A;52.1;03
85693506;85693506;1A018;A;52.1;03
80882310;80882310;1C017;A;52.1;03
47262878;47262878;2B025;A;52.1;03
56937761;56937761;2A019;A;52.1;03
18400118;18400118;1A012;A;52.1;03
61103901;61103901;1D024;A;52.1;03
99099504;99099504;1B004;A;52.1;03
97948915;97948915;2B001;A;52.1;03
50425428;50425428;2B024;A;52.1;03
62592372;62592372;1C018;A;52.1;03
31579752;31579752;2D017;A;52.1;03
9876032;9876032;2C009;A;52.1;03
4587354;4587354;2C007;A;52.1;03
6437335;6437335;1B011;A;52.1;03
15823780;15823780;2D004;A;52.1;03
43551577;43551577;1B022;A;52.1;03
55044183;55044183;1D009;A;52.1;03
12108476;12108476;2C008;A;52.1;03
73853894;73853894;1D020;A;52.1;03
41305628;41305628;1B024;A;52.1;03
94093540;94093540;1B004;A;52.1;03
71520394;71520394;2C015;A;52.1;03
16155420;16155420;2A014;A;52.1;03
76077699;76077699;1A011;A;52.1;03
99678388;99678388;2D023;A;52.1;03
22513435;22513435;2B023;A;52.1;03
72460919;72460919;2B006;A;52.1;03
64168661;64168661;2B001;A;52.1;03
86333849;86333849;2D024;A;52.1;03
61411070;61411070;2D018;A;52.1;03
31354735;31354735;1C008;A;52.1;03
64802874;64802874;2C009;A;52.1;03
35736512;35736512;2B008;A;52.1;03
30849021;30849021;1A001;A;52.1;03
50270431;50270431;1D012;A;52.1;03
64083564;64083564;1A011;A;52.1;03
91282710;91282710;2B010;A;52.1;03
10642669;10642669;2D016;A;52.1;03
2234059;2234059;1C018;A;52.1;03
99766913;99766913;1B012;A;52.1;03
86377781;86377781;2B002;A;52.1;03
27291904;27291904;1A007;A;52.1;03
95485455;95485455;2D023;A;52.1;03
14020677;14020677;2A002;A;52.1;03
5117739;5117739;1C014;A;52.1;03
35638432;35638432;1D005;A;52.1;03
33228919;33228919;1D015;A;52.1;03
76115674;76115674;1A020;A;52.1;03
52470288;52470288;2B005;A;52.1;03
11922200;11922200;1A025;A;52.1;03
4108834;4108834;2A019;A;52.1;03
68358013;68358013;2B018;A;52.1;03
52070376;52070376;2A017;A;52.1;03
50517821;50517821;2B006;A;52.1;03
89968497;89968497;1C022;A;52.1;03
54418883;54418883;2A002;A;52.1;03
13436151;13436151;1A024;A;52.1;03
29350617;29350617;2D008;A;52.1;03
66198562;66198562;2C017;A;52.1;03
90512857;90512857;1B007;A;52.1;03
41094222;41094222;2D019;A;52.1;03
39246092;39246092;2A004;A;52.1;03
12207747;12207747;2D013;A;52.1;03
12293838;12293838;1A018;A;52.1;03
48453311;48453311;1C003;A;52.1;03
7896109;7896109;1B006;A;52.1;03
55795441;55795441;1D025;A;52.1;03
72987901;72987901;1C008;A;52.1;03
53268982;53268982;1D012;A;52.1;03
58965771;58965771;2C007;A;52.1;03
80896569;80896569;1C021;A;52.1;03
42892959;42892959;2D019;A;52.1;03
91397890;91397890;1A006;A;52.1;03
28179287;28179287;1A012;A;52.1;03
40555338;40555338;1C004;A;52.1;03
53814871;53814871;2C003;A;52.1;03
90800783;90800783;1D016;A;52.1;03
80966455;80966455;1B023;A;52.1;03
30015495;30015495;1C016;A;52.1;03
74481389;74481389;2A002;A;52.1;03
31068723;31068723;2C021;A;52.1;03
41411825;41411825;2D017;A;52.1;03
18289268;18289268;2C011;A;52.1;03
330574;330574;1A012;A;52.1;03
13429500;13429500;2B022;A;52.1;03
15298849;15298849;2B003;A;52.1;03
35864688;35864688;1A025;A;52.1;03
7106314;7106314;2B008;A;52.1;03
64704795;64704795;2B011;A;52.1;03
52189408;52189408;1B008;A;52.1;03
64078745;64078745;2B019;A;52.1;03
22930276;22930276;1A002;A;52.1;03
94402847;94402847;2A014;A;52.1;03
4566755;4566755;1D014;A;52.1;03
82007694;82007694;2C016;A;52.1;03
62097652;62097652;2A019;A;52.1;03
64697866;64697866;1D007;A;52.1;03
11159384;11159384;2A017;A;52.1;03
13944420;13944420;1B007;A;52.1;03
59614685;59614685;2C010;A;52.1;03
73682951;73682951;2D019;A;52.1;03
70818225;70818225;2A017;A;52.1;03
48319583;48319583;1C003;A;52.1;03
73067856;73067856;1A001;A;52.1;03
98429565;98429565;2C008;A;52.1;03
20083027;20083027;1C007;A;52.1;03
23964936;23964936;2B005;A;52.1;03
77763174;77763174;2C004;A;52.1;03
98423155;98423155;1C017;A;52.1;03
24151014;24151014;1B020;A;52.1;03
37319034;37319034;1A019;A;52.1;03
14889583;14889583;1C002;A;52.1;03
89882709;89882709;1D003;A;52.1;03
49827954;49827954;1B007;A;52.1;03
18179168;18179168;2A018;A;52.1;03
76700398;76700398;2B008;A;52.1;03
7014019;7014019;2C019;A;52.1;03
26935153;26935153;2A021;A;52.1;03
48981514;48981514;2A020;A;52.1;03
75621708;75621708;2A016;A;52.1;03
60134474;60134474;1D024;A;52.1;03
14965349;14965349;2B002;A;52.1;03
30812239;30812239;2C002;A;52.1;03
45506710;45506710;1D020;A;52.1;03
73108452;73108452;1C007;A;52.1;03
95282232;95282232;2D011;A;52.1;03
13136234;13136234;1C012;A;52.1;03
22058689;22058689;1A004;A;52.1;03
61138098;61138098;1D003;A;52.1;03
68469396;68469396;2C025;A;52.1;03
29528088;29528088;1B003;A;52.1;03
49215559;49215559;1D022;A;52.1;03
92145856;92145856;1A002;A;52.1;03
30602996;30602996;1A004;A;52.1;03
9390216;9390216;1D024;A;52.1;03
83125796;83125796;1A012;A;52.1;03
53422614;53422614;2D013;A;52.1;03
47045862;47045862;2A004;A;52.1;03
25311734;25311734;2B021;A;52.1;03
50161746;50161746;2C007;A;52.1;03
94693693;94693693;2C018;A;52.1;03
25731702;25731702;1C017;A;52.1;03
26985818;26985818;1C003;A;52.1;03
77189685;77189685;1D015;A;52.1;03
27069322;27069322;2B020;A;52.1;03
77399988;77399988;2C023;A;52.1;03
32128315;32128315;2A012;A;52.1;03
63828079;63828079;2A019;A;52.1;03
64109356;64109356;1D013;A;52.1;03
3170096;3170096;2B008;A;52.1;03
88557907;88557907;1D002;A;52.1;03
844304;844304;2D025;A;52.1;03
27011303;27011303;1A024;A;52.1;03
20698660;20698660;1D014;A;52.1;03
10375628;10375628;2D017;A;52.1;03
94408923;94408923;2C022;A;52.1;03
41749520;41749520;2D023;A;52.1;03
3138361;3138361;2A007;A;52.1;03
44031685;44031685;1D012;A;52.1;03
95041798;95041798;2B020;A;52.1;03
84763171;84763171;1B023;A;52.1;03
84290192;84290192;2A006;A;52.1;03
27692653;27692653;2B006;A;52.1;03
43317568;43317568;2D023;A;52.1;03
84975159;84975159;2C022;A;52.1;03
78755271;78755271;2C001;A;52.1;03
49693443;49693443;1A020;A;52.1;03
10098735;10098735;1B014;A;52.1;03
63722371;63722371;1D008;A;52.1;03
29710488;29710488;2B013;A;52.1;03
39411201;39411201;1D013;A;52.1;03
2536581;2536581;1C018;A;52.1;03
98304676;98304676;2C025;A;52.1;03
21019286;21019286;2B010;A;52.1;03
21058446;21058446;2B016;A;52.1;03
61424767;61424767;2B013;A;52.1;03
50284709;50284709;1B002;A;52.1;03
92272178;92272178;2B015;A;52.1;03
57211869;57211869;2D023;A;52.1;03
48685875;48685875;1A001;A;52.1;03
55019842;55019842;2D025;A;52.1;03
96136775;96136775;2D008;A;52.1;03
49487760;49487760;1C012;A;52.1;03
4927463;4927463;2C007;A;52.1;03
52840018;52840018;1D006;A;52.1;03
47829677;47829677;1B022;A;52.1;03
44983657;44983657;1C003;A;52.1;03
17709046;17709046;2A024;A;52.1;03
11873882;11873882;1B016;A;52.1;03
90369382;90369382;2A018;A;52.1;03
10183962;10183962;1D020;A;52.1;03
44870862;44870862;1A015;A;52.1;03
34533722;34533722;1B016;A;52.1;03
48647420;48647420;2B005;A;52.1;03
3942884;3942884;2C023;A;52.1;03
67929857;67929857;1B004;A;52.1;03
74921617;74921617;2B015;A;52.1;03
70068237;70068237;2D015;A;52.1;03
42233009;42233009;2D020;A;52.1;03
18541347;18541347;1B009;A;52.1;03
31572098;31572098;2A024;A;52.1;03
52789716;52789716;1A025;A;52.1;03
16280295;16280295;1A005;A;52.1;03
9136776;9136776;2C015;A;52.1;03
40934415;40934415;2D004;A;52.1;03
26718207;26718207;1C011;A;52.1;03
16201876;16201876;1D018;A;52.1;03
25725842;25725842;2B009;A;52.1;03
95502855;95502855;2D004;A;52.1;03
61516766;61516766;1D013;A;52.1;03
46989915;46989915;1B013;A;52.1;03
12776696;12776696;1A008;A;52.1;03
20415691;20415691;1D022;A;52.1;03
80652802;80652802;1D024;A;52.1;03
20571439;20571439;2A010;A;52.1;03
6618048;6618048;2D021;A;52.1;03
58937181;58937181;2A005;A;52.1;03
25278762;25278762;2D024;A;52.1;03
49473526;49473526;2A001;A;52.1;03
87814130;87814130;2C012;A;52.1;03
17951203;17951203;2D016;A;52.1;03
82140700;82140700;1C011;A;52.1;03
43633658;43633658;2B009;A;52.1;03
44572754;44572754;2B008;A;52.1;03
56828581;56828581;2A008;A;52.1;03
12554477;12554477;2C023;A;52.1;03
76118982;76118982;2B024;A;52.1;03
97482831;97482831;1B010;A;52.1;03
31204309;31204309;1C008;A;52.1;03
38820069;38820069;2B002;A;52.1;03
20563499;20563499;1D022;A;52.1;03
8325050;8325050;2A015;A;52.1;03
39131844;39131844;2C002;A;52.1;03
85734214;85734214;1D010;A;52.1;03
30141374;30141374;1A013;A;52.1;03
84536566;84536566;1D014;A;52.1;03
94610783;94610783;2B018;A;52.1;03
2419654;2419654;2A023;A;52.1;03
95969855;95969855;1A023;A;52.1;03
52848234;52848234;2B010;A;52.1;03
81183844;81183844;2A001;A;52.1;03
12957807;12957807;2D014;A;52.1;03
78106736;78106736;2A017;A;52.1;03
75501467;75501467;1B020;A;52.1;03
80892264;80892264;1D010;A;52.1;03
14578607;14578607;2A008;A;52.1;03
66550363;66550363;2B012;A;52.1;03
44582298;44582298;2A024;A;52.1;03
80104102;80104102;1C010;A;52.1;03
81906938;81906938;1C014;A;52.1;03
40431079;40431079;1C017;A;52.1;03
66286813;66286813;1B011;A;52.1;03
33929635;33929635;2D011;A;52.1;03
90156492;90156492;1D002;A;52.1;03
52848280;52848280;2A015;A;52.1;03
96066415;96066415;1C008;A;52.1;03
2271466;2271466;1C001;A;52.1;03
74773378;74773378;1A023;A;52.1;03
53141096;53141096;2B008;A;52.1;03
88714558;88714558;1B018;A;52.1;03
91740013;91740013;2D012;A;52.1;03
75616319;75616319;1B018;A;52.1;03
80040629;80040629;2A008;A;52.1;03
33978800;33978800;1B008;A;52.1;03
64469932;64469932;2A019;A;52.1;03
81612965;81612965;2D023;A;52.1;03
10341392;10341392;2A008;A;52.1;03
41192784;41192784;2B012;A;52.1;03
31325870;31325870;2D018;A;52.1;03
88389434;88389434;1B023;A;52.1;03
70932225;70932225;1D018;A;52.1;03
61427805;61427805;2D009;A;52.1;03
69562453;69562453;1D014;A;52.1;03
33229;33229;2B024;A;52.1;03
73020737;73020737;1A012;A;52.1;03
9147552;9147552;2B005;A;52.1;03
40585482;40585482;1D015;A;52.1;03
60431518;60431518;1C006;A;52.1;03
22593059;22593059;2A012;A;52.1;03
61826;61826;1B013;A;52.1;03
81363491;81363491;2C011;A;52.1;03
18554678;18554678;1B025;A;52.1;03
51923504;51923504;1D001;A;52.1;03
45353663;45353663;1C020;A;52.1;03
3868585;3868585;2B020;A;52.1;03
3672357;3672357;1B016;A;52.1;03
66967966;66967966;2B016;A;52.1;03
85225633;85225633;1D015;A;52.1;03
16605709;16605709;2C019;A;52.1;03
18606613;18606613;1C016;A;52.1;03
90191477;90191477;2C001;A;52.1;03
75088286;75088286;1C016;A;52.1;03
53165580;53165580;2D009;A;52.1;03
47438259;47438259;1D003;A;52.1;03
83078362;83078362;2B025;A;52.1;03
55798863;55798863;2A003;A;52.1;03
12610589;12610589;2A025;A;52.1;03
30234695;30234695;2C014;A;52.1;03
2950391;2950391;1C009;A;52.1;03
23556735;23556735;1D022;A;52.1;03
2298961;2298961;2B019;A;52.1;03
8246235;8246235;2A019;A;52.1;03
76780715;76780715;2D025;A;52.1;03
15237443;15237443;2D009;A;52.1;03
2744588;2744588;2B013;A;52.1;03
19306932;19306932;1B001;A;52.1;03
82375850;82375850;2D007;A;52.1;03
49696721;49696721;2C024;A;52.1;03
7895843;7895843;2C003;A;52.1;03
65957795;65957795;1D005;A;52.1;03
52041111;52041111;1A003;A;52.1;03
31806578;31806578;1B020;A;52.1;03
32673788;32673788;2B002;A;52.1;03
36479027;36479027;1A005;A;52.1;03
89466744;89466744;2B011;A;52.1;03
27263068;27263068;1B001;A;52.1;03
71388082;71388082;2C008;A;52.1;03
59893615;59893615;1D011;A;52.1;03
59093414;59093414;1D002;A;52.1;03
84218319;84218319;2B022;A;52.1;03
56068494;56068494;1A012;A;52.1;03
85478246;85478246;2A002;A;52.1;03
11113527;11113527;1A012;A;52.1;03
28592213;28592213;1A002;A;52.1;03
10870220;10870220;2B020;A;52.1;03
37072445;37072445;2C006;A;52.1;03
39116459;39116459;2C018;A;52.1;03
70942672;70942672;1B007;A;52.1;03
51535208;51535208;2A001;A;52.1;03
95450195;95450195;2C018;A;52.1;03
74011514;74011514;1B022;A;52.1;03
83575219;83575219;1C023;A;52.1;03
95811352;95811352;1B012;A;52.1;03
23248691;23248691;1B010;A;52.1;03
38250171;38250171;2C022;A;52.1;03
96280777;96280777;1A008;A;52.1;03
63949445;63949445;2A023;A;52.1;03
85798371;85798371;2C014;A;52.1;03
16432921;16432921;2A023;A;52.1;03
50359753;50359753;2C004;A;52.1;03
50327236;50327236;2B015;A;52.1;03
1420881;1420881;1B010;A;52.1;03
89351370;89351370;1A024;A;52.1;03
5563349;5563349;2A004;A;52.1;03
14293489;14293489;2D014;A;52.1;03
31645725;31645725;2B021;A;52.1;03
94202152;94202152;2D003;A;52.1;03
68067513;68067513;2D006;A;52.1;03
13791897;13791897;2A011;A;52.1;03
24462633;24462633;2A022;A;52.1;03
2594372;2594372;1B010;A;52.1;03
75801665;75801665;2B006;A;52.1;03
35795642;35795642;1C024;A;52.1;03
94516902;94516902;2A012;A;52.1;03
12772844;12772844;2C015;A;52.1;03
29640160;29640160;2B001;A;52.1;03
77476274;77476274;2B005;A;52.1;03
83503745;83503745;2D012;A;52.1;03
59800438;59800438;1C014;A;52.1;03
2564086;2564086;1C006;A;52.1;03
15593329;15593329;1C012;A;52.1;03
11469425;11469425;1B019;A;52.1;03
83587473;83587473;1D001;A;52.1;03
9185090;9185090;1A021;A;52.1;03
602243;602243;1A006;A;52.1;03
84010639;84010639;1B012;A;52.1;03
28009131;28009131;2A008;A;52.1;03
71531591;71531591;1C007;A;52.1;03
51123252;51123252;2D008;A;52.1;03
69598609;69598609;2D025;A;52.1;03
42373659;42373659;2D004;A;52.1;03
27142824;27142824;1C009;A;52.1;03
17650452;17650452;2C014;A;52.1;03
44341493;44341493;1A007;A;52.1;03
52928912;52928912;1B009;A;52.1;03
83939819;83939819;1A004;A;52.1;03
82756893;82756893;2B021;A;52.1;03
69213801;69213801;2D001;A;52.1;03
54891015;54891015;1D002;A;52.1;03
89657978;89657978;1B025;A;52.1;03
32989106;32989106;1C004;A;52.1;03
71787368;71787368;1A012;A;52.1;03
26789;26789;2B012;A;52.1;03
82194112;82194112;1B025;A;52.1;03
4753626;4753626;1A025;A;52.1;03
74434221;74434221;2C007;A;52.1;03
4121168;4121168;1B008;A;52.1;03
56149652;56149652;1D009;A;52.1;03
3951900;3951900;1B022;A;52.1;03
95607793;95607793;1C023;A;52.1;03
62881170;62881170;2A021;A;52.1;03
10721609;10721609;1D015;A;52.1;03
88057314;88057314;2B020;A;52.1;03
22701379;22701379;2A011;A;52.1;03
95079041;95079041;2C014;A;52.1;03
38430277;38430277;2B002;A;52.1;03
8824163;8824163;2B002;A;52.1;03
93667731;93667731;2A004;A;52.1;03
17688412;17688412;1C007;A;52.1;03
21795347;21795347;1B011;A;52.1;03
15769132;15769132;1B005;A;52.1;03
84469173;84469173;1D004;A;52.1;03
29590026;29590026;2A010;A;52.1;03
55078769;55078769;2B014;A;52.1;03
89170532;89170532;2B020;A;52.1;03
37315043;37315043;2B007;A;52.1;03
62478930;62478930;1A022;A;52.1;03
81943402;81943402;1B006;A;52.1;03
33043382;33043382;2C006;A;52.1;03
47113909;47113909;2A004;A;52.1;03
34520924;34520924;2B014;A;52.1;03
75373156;75373156;1C006;A;52.1;03
31627919;31627919;1D022;A;52.1;03
12578610;12578610;1A010;A;52.1;03
25124774;25124774;1D019;A;52.1;03
62709131;62709131;2A024;A;52.1;03
13113039;13113039;2D005;A;52.1;03
77254453;77254453;1A021;A;52.1;03
34183880;34183880;2C007;A;52.1;03
16007101;16007101;1B022;A;52.1;03
93384555;93384555;2A020;A;52.1;03
90880591;90880591;2C003;A;52.1;03
23378240;23378240;1B008;A;52.1;03
22302895;22302895;2B015;A;52.1;03
37705594;37705594;1C014;A;52.1;03
97283816;97283816;2D022;A;52.1;03
92256169;92256169;1A012;A;52.1;03
27351849;27351849;1B003;A;52.1;03
68425241;68425241;2C019;A;52.1;03
52889036;52889036;1A014;A;52.1;03
61984045;61984045;1C009;A;52.1;03
62222427;62222427;2B004;A;52.1;03
30644249;30644249;2C015;A;52.1;03
22669422;22669422;1B012;A;52.1;03
78870068;78870068;1D001;A;52.1;03
98107212;98107212;2B025;A;52.1;03
94828878;94828878;2A019;A;52.1;03
23827959;23827959;2D008;A;52.1;03
72992585;72992585;2B014;A;52.1;03
88239004;88239004;2C002;A;52.1;03
25214249;25214249;1A003;A;52.1;03
55932893;55932893;1D021;A;52.1;03
80240173;80240173;2A003;A;52.1;03
92321290;92321290;2D013;A;52.1;03
24660766;24660766;1B012;A;52.1;03
64228872;64228872;2A020;A;52.1;03
92033011;92033011;1B020;A;52.1;03
53349784;53349784;1B020;A;52.1;03
89504615;89504615;1D012;A;52.1;03
38671048;38671048;2D022;A;52.1;03
48644437;48644437;1C023;A;52.1;03
87759978;87759978;2B010;A;52.1;03
91950215;91950215;1D004;A;52.1;03
25502601;25502601;2B024;A;52.1;03
59868008;59868008;2D010;A;52.1;03
60481493;60481493;1C017;A;52.1;03
27521;27521;1D009;A;52.1;03
68120991;68120991;2A016;A;52.1;03
16282424;16282424;1B021;A;52.1;03
66500265;66500265;1C019;A;52.1;03
73838812;73838812;1C021;A;52.1;03
50835077;50835077;2D010;A;52.1;03
64700641;64700641;2A005;A;52.1;03
91787888;91787888;1D010;A;52.1;03
75001771;75001771;1C007;A;52.1;03
95276012;95276012;2C012;A;52.1;03
19367465;19367465;2C004;A;52.1;03
50991308;50991308;2B004;A;52.1;03
79379202;79379202;2B013;A;52.1;03
30528406;30528406;1D016;A;52.1;03
20749410;20749410;2C004;A;52.1;03
57439226;57439226;2B014;A;52.1;03
90433112;90433112;2A024;A;52.1;03
62677594;62677594;2D013;A;52.1;03
2671667;2671667;1C014;A;52.1;03
23040891;23040891;1A006;A;52.1;03
42608369;42608369;2B014;A;52.1;03
22649462;22649462;2C007;A;52.1;03
8896683;8896683;2B022;A;52.1;03
92016399;92016399;2A008;A;52.1;03
62226146;62226146;2D016;A;52.1;03
36805340;36805340;2B025;A;52.1;03
44901986;44901986;1C009;A;52.1;03
15091545;15091545;2D001;A;52.1;03
2316672;2316672;2A001;A;52.1;03
92541435;92541435;1D005;A;52.1;03
54492026;54492026;2D020;A;52.1;03
56743558;56743558;2A022;A;52.1;03
63969710;63969710;1C008;A;52.1;03
91266994;91266994;2B023;A;52.1;03
9320818;9320818;2A005;A;52.1;03
99941016;99941016;2D011;A;52.1;03
62984578;62984578;1C001;A;52.1;03
14137513;14137513;2C008;A;52.1;03
87620934;87620934;1A008;A;52.1;03
78862646;78862646;1A012;A;52.1;03
61998687;61998687;1D013;A;52.1;03
97503901;97503901;2A019;A;52.1;03
33461663;33461663;1C023;A;52.1;03
82829800;82829800;2C002;A;52.1;03
18127438;18127438;1C019;A;52.1;03
33705644;33705644;2B004;A;52.1;03
99860151;99860151;1B002;A;52.1;03
61893062;61893062;1D010;A;52.1;03
52113028;52113028;2D018;A;52.1;03
69935535;69935535;1D007;A;52.1;03
5202497;5202497;2D006;A;52.1;03
13155111;13155111;2D023;A;52.1;03
16733827;16733827;1A008;A;52.1;03
99991738;99991738;1B013;A;52.1;03
97308561;97308561;1A021;A;52.1;03
61148023;61148023;2A009;A;52.1;03
74608730;74608730;2A006;A;52.1;03
14417439;14417439;1D010;A;52.1;03
96572585;96572585;2C009;A;52.1;03
32436160;32436160;2B019;A;52.1;03
3334885;3334885;2C017;A;52.1;03
94164364;94164364;2C007;A;52.1;03
22258216;22258216;1B025;A;52.1;03
5188640;5188640;1D011;A;52.1;03
65636919;65636919;2B019;A;52.1;03
33717493;33717493;2D002;A;52.1;03
50870040;50870040;1D025;A;52.1;03
59225577;59225577;1A013;A;52.1;03
66472354;66472354;2A021;A;52.1;03
70758183;70758183;1A024;A;52.1;03
27322270;27322270;2A005;A;52.1;03
34118454;34118454;2C016;A;52.1;03
15310131;15310131;2A013;A;52.1;03
62059183;62059183;2B016;A;52.1;03
76690157;76690157;2C021;A;52.1;03
81073187;81073187;1C011;A;52.1;03
66747969;66747969;2C006;A;52.1;03
75320428;75320428;2B010;A;52.1;03
67348859;67348859;1C009;A;52.1;03
99801730;99801730;2A019;A;52.1;03
76793338;76793338;1B021;A;52.1;03
3224531;3224531;2A009;A;52.1;03
64647897;64647897;2C001;A;52.1;03
19897081;19897081;2B016;A;52.1;03
13368329;13368329;1D011;A;52.1;03
46055356;46055356;2B004;A;52.1;03
43706850;43706850;2A007;A;52.1;03
11073149;11073149;2C007;A;52.1;03
90277679;90277679;1B019;A;52.1;03
88272502;88272502;2D019;A;52.1;03
16148993;16148993;2B021;A;52.1;03
75330692;75330692;2A020;A;52.1;03
24274245;24274245;1B001;A;52.1;03
56159384;56159384;2B019;A;52.1;03
76302245;76302245;2A020;A;52.1;03
63798149;63798149;2B003;A;52.1;03
96738844;96738844;1A022;A;52.1;03
54404725;54404725;1A003;A;52.1;03
71512643;71512643;2B018;A;52.1;03
604926;604926;1A021;A;52.1;03
58337957;58337957;2A014;A;52.1;03
21128331;21128331;1A024;A;52.1;03
58450549;58450549;1B010;A;52.1;03
44450108;44450108;2A003;A;52.1;03
1320093;1320093;1C023;A;52.1;03
13755222;13755222;1A023;A;52.1;03
70074842;70074842;1A008;A;52.1;03
5100871;5100871;1C003;A;52.1;03
42561702;42561702;1C014;A;52.1;03
89714276;89714276;1A002;A;52.1;03
95280145;95280145;2C007;A;52.1;03
87879433;87879433;2C008;A;52.1;03
78041709;78041709;2D012;A;52.1;03
75887269;75887269;2B013;A;52.1;03
32512081;32512081;1C011;A;52.1;03
33109531;33109531;1D006;A;52.1;03
98875866;98875866;2A020;A;52.1;03
40134746;40134746;2C008;A;52.1;03
24559054;24559054;2D002;A;52.1;03
66993334;66993334;1D015;A;52.1;03
45139934;45139934;1C016;A;52.1;03
94075431;94075431;2C012;A;52.1;03
62962355;62962355;1B004;A;52.1;03
11628785;11628785;1B024;A;52.1;03
70413158;70413158;2A005;A;52.1;03
77285351;77285351;1C004;A;52.1;03
81227004;81227004;1D008;A;52.1;03
64673477;64673477;1C021;A;52.1;03
23402360;23402360;1B011;A;52.1;03
49175209;49175209;2A006;A;52.1;03
88313934;88313934;2B013;A;52.1;03
16843094;16843094;1A025;A;52.1;03
382072;382072;2B006;A;52.1;03
44671989;44671989;1B003;A;52.1;03
97082034;97082034;2A013;A;52.1;03
39383379;39383379;2D016;A;52.1;03
80077870;80077870;1C017;A;52.1;03
73104330;73104330;1D005;A;52.1;03
65544941;65544941;2B006;A;52.1;03
65661554;65661554;1D001;A;52.1;03
50895180;50895180;1B003;A;52.1;03
75294035;75294035;2A012;A;52.1;03
27089249;27089249;2A011;A;52.1;03
90293752;90293752;1A016;A;52.1;03
75331907;75331907;1B012;A;52.1;03
67985626;67985626;1D013;A;52.1;03
18264803;18264803;2B017;A;52.1;03
33463203;33463203;1C001;A;52.1;03
81609308;81609308;1C024;A;52.1;03
29957205;29957205;1C010;A;52.1;03
71535032;71535032;2A025;A;52.1;03
44592142;44592142;2B023;A;52.1;03
8673615;8673615;1D012;A;52.1;03
59532536;59532536;2A002;A;52.1;03
67017905;67017905;2C015;A;52.1;03
9829512;9829512;1C011;A;52.1;03
29692400;29692400;2B019;A;52.1;03
40164155;40164155;2C020;A;52.1;03
32974554;32974554;2D013;A;52.1;03
40988213;40988213;1D020;A;52.1;03
84943995;84943995;1A014;A;52.1;03
48765966;48765966;1C019;A;52.1;03
84698268;84698268;1C017;A;52.1;03
64663464;64663464;1A023;A;52.1;03
89758684;89758684;2A025;A;52.1;03
41363667;41363667;1D012;A;52.1;03
47855860;47855860;1D019;A;52.1;03
11012003;11012003;2C015;A;52.1;03
53038595;53038595;1D024;A;52.1;03
41219699;41219699;1D022;A;52.1;03
26740045;26740045;2C003;A;52.1;03
91859280;91859280;1C007;A;52.1;03
52771915;52771915;2C005;A;52.1;03
12695502;12695502;1A024;A;52.1;03
93955146;93955146;2A005;A;52.1;03
55721142;55721142;2A019;A;52.1;03
75574446;75574446;1C018;A;52.1;03
22839457;22839457;1D008;A;52.1;03
62435529;62435529;2A018;A;52.1;03
15647306;15647306;1B001;A;52.1;03
29388038;29388038;1B007;A;52.1;03
83297641;83297641;2D010;A;52.1;03
87779108;87779108;1B017;A;52.1;03
56209181;56209181;1A013;A;52.1;03
72354195;72354195;1C001;A;52.1;03
30047028;30047028;1B007;A;52.1;03
20696168;20696168;2C011;A;52.1;03
11812072;11812072;1B023;A;52.1;03
52294655;52294655;1A009;A;52.1;03
70676162;70676162;2B011;A;52.1;03
48408285;48408285;2A006;A;52.1;03
59052274;59052274;2A018;A;52.1;03
43317137;43317137;2C005;A;52.1;03
12767415;12767415;1D004;A;52.1;03
30043305;30043305;1B016;A;52.1;03
63131702;63131702;2C025;A;52.1;03
57116509;57116509;2B014;A;52.1;03
78786326;78786326;1D001;A;52.1;03
1345953;1345953;2B002;A;52.1;03
35882445;35882445;2D001;A;52.1;03
85656977;85656977;2B021;A;52.1;03
20680967;20680967;1B009;A;52.1;03
10951470;10951470;1B011;A;52.1;03
11695780;11695780;2B002;A;52.1;03
67168964;67168964;2C011;A;52.1;03
41998100;41998100;2D003;A;52.1;03
9643498;9643498;2B014;A;52.1;03
35822214;35822214;1D004;A;52.1;03
28428401;28428401;2B008;A;52.1;03
44899403;44899403;2A019;A;52.1;03
88758190;88758190;2D018;A;52.1;03
9442761;9442761;1B013;A;52.1;03
18622200;18622200;1B010;A;52.1;03
45728885;45728885;1C004;A;52.1;03
48494046;48494046;1D010;A;52.1;03
71788071;71788071;2D023;A;52.1;03
42474511;42474511;2B002;A;52.1;03
1332492;1332492;2B019;A;52.1;03
28813850;28813850;1A014;A;52.1;03
29139704;29139704;2D024;A;52.1;03
80684389;80684389;2A009;A;52.1;03
17903173;17903173;1B022;A;52.1;03
6194744;6194744;2A015;A;52.1;03
40735058;40735058;2D021;A;52.1;03
101773;101773;2C023;A;52.1;03
54432053;54432053;1C002;A;52.1;03
41053310;41053310;1A014;A;52.1;03
65787893;65787893;1A014;A;52.1;03
37910290;37910290;2B011;A;52.1;03
4213051;4213051;2D004;A;52.1;03
50544510;50544510;1D022;A;52.1;03
40448102;40448102;2A003;A;52.1;03
74306693;74306693;1B002;A;52.1;03
17337299;17337299;1D002;A;52.1;03
84058193;84058193;1B023;A;52.1;03
83124909;83124909;2A012;A;52.1;03
39682478;39682478;2D015;A;52.1;03
31807548;31807548;2C002;A;52.1;03
90012646;90012646;1A003;A;52.1;03
33536921;33536921;2D005;A;52.1;03
3149597;3149597;2B013;A;52.1;03
2821882;2821882;2C015;A;52.1;03
7601859;7601859;1B008;A;52.1;03
18518498;18518498;2B021;A;52.1;03
49347523;49347523;2B009;A;52.1;03
51127719;51127719;2C009;A;52.1;03
14335947;14335947;2C009;A;52.1;03
37659688;37659688;1C004;A;52.1;03
11625129;11625129;1A002;A;52.1;03
61966037;61966037;2A023;A;52.1;03
26276892;26276892;2D014;A;52.1;03
68079960;68079960;1C024;A;52.1;03
14912070;14912070;2B016;A;52.1;03
51509073;51509073;2D011;A;52.1;03
14431506;14431506;2D008;A;52.1;03
7775075;7775075;2B002;A;52.1;03
2920956;2920956;1B014;A;52.1;03
58543564;58543564;1C006;A;52.1;03
29754085;29754085;1C013;A;52.1;03
81188483;81188483;1C011;A;52.1;03
67920309;67920309;2B015;A;52.1;03
60795838;60795838;1B025;A;52.1;03
97462458;97462458;2B001;A;52.1;03
94434257;94434257;2D022;A;52.1;03
37919819;37919819;2B009;A;52.1;03
49626174;49626174;1B021;A;52.1;03
59598460;59598460;1B009;A;52.1;03
44388269;44388269;1D014;A;52.1;03
95483079;95483079;1D019;A;52.1;03
73664059;73664059;2D018;A;52.1;03
82426970;82426970;1C020;A;52.1;03
78827041;78827041;2C024;A;52.1;03
10967395;10967395;1D008;A;52.1;03
45119322;45119322;2D004;A;52.1;03
32694310;32694310;1B010;A;52.1;03
54812005;54812005;1C014;A;52.1;03
97339950;97339950;1A018;A;52.1;03
33806336;33806336;2B017;A;52.1;03
28208885;28208885;1D011;A;52.1;03
59900996;59900996;1C018;A;52.1;03
4052559;4052559;2B021;A;52.1;03
17982204;17982204;2A023;A;52.1;03
1864518;1864518;2D004;A;52.1;03
53823323;53823323;1D002;A;52.1;03
8253055;8253055;2A012;A;52.1;03
67185557;67185557;2D002;A;52.1;03
12849499;12849499;2D020;A;52.1;03
75277486;75277486;2B021;A;52.1;03
21036942;21036942;1B004;A;52.1;03
5496407;5496407;1A017;A;52.1;03
42032033;42032033;1A005;A;52.1;03
32749182;32749182;1B008;A;52.1;03
65621642;65621642;2D003;A;52.1;03
32644020;32644020;1D007;A;52.1;03
23870556;23870556;2D025;A;52.1;03
78680115;78680115;1A019;A;52.1;03
55535992;55535992;1C007;A;52.1;03
56687661;56687661;1C021;A;52.1;03
76465952;76465952;2D020;A;52.1;03
31133693;31133693;1C007;A;52.1;03
68937365;68937365;2A003;A;52.1;03
90546827;90546827;1C007;A;52.1;03
41133163;41133163;2B020;A;52.1;03
73085817;73085817;2C002;A;52.1;03
65206292;65206292;1B001;A;52.1;03
38464679;38464679;1C005;A;52.1;03
70337002;70337002;1B020;A;52.1;03
3808100;3808100;2A017;A;52.1;03
72203484;72203484;1D013;A;52.1;03
73757301;73757301;1D009;A;52.1;03
50658960;50658960;2C023;A;52.1;03
42548451;42548451;2C010;A;52.1;03
79274224;79274224;1D020;A;52.1;03
73231616;73231616;2D019;A;52.1;03
41081049;41081049;1D023;A;52.1;03
37034159;37034159;1A025;A;52.1;03
29129272;29129272;2C012;A;52.1;03
17070293;17070293;2C009;A;52.1;03
26216060;26216060;1D016;A;52.1;03
51840057;51840057;1B010;A;52.1;03
17321695;17321695;1D007;A;52.1;03
46246218;46246218;1A017;A;52.1;03
63654625;63654625;1B023;A;52.1;03
94045625;94045625;1C009;A;52.1;03
49537060;49537060;1D015;A;52.1;03
23360415;23360415;2C013;A;52.1;03
16480296;16480296;2A003;A;52.1;03
48703622;48703622;2B010;A;52.1;03
22859542;22859542;1B006;A;52.1;03
43462435;43462435;1C007;A;52.1;03
88010385;88010385;1D007;A;52.1;03
72799942;72799942;1D003;A;52.1;03
73969923;73969923;1B024;A;52.1;03
50591913;50591913;2D006;A;52.1;03
64297483;64297483;2A024;A;52.1;03
81088913;81088913;2A018;A;52.1;03
69502775;69502775;2B006;A;52.1;03
30629113;30629113;1B002;A;52.1;03
97812200;97812200;2A025;A;52.1;03
69888666;69888666;2D009;A;52.1;03
365959;365959;2C003;A;52.1;03
36481746;36481746;1B004;A;52.1;03
27240433;27240433;1B013;A;52.1;03
20223921;20223921;2B003;A;52.1;03
4406339;4406339;2D023;A;52.1;03
23112967;23112967;2B005;A;52.1;03
38711036;38711036;1B016;A;52.1;03
84901431;84901431;1D008;A;52.1;03
39266987;39266987;2C021;A;52.1;03
78952382;78952382;1D011;A;52.1;03
30989966;30989966;1C015;A;52.1;03
57105993;57105993;1D006;A;52.1;03
25861873;25861873;2C020;A;52.1;03
22021339;22021339;1B015;A;52.1;03
76400264;76400264;2A002;A;52.1;03
75293170;75293170;2A009;A;52.1;03
81158782;81158782;2A016;A;52.1;03
24459729;24459729;1B003;A;52.1;03
58753339;58753339;2A002;A;52.1;03
41786113;41786113;1D003;A;52.1;03
3015769;3015769;2C007;A;52.1;03
78983268;78983268;1C009;A;52.1;03
43794263;43794263;2D019;A;52.1;03
4743227;4743227;1A023;A;52.1;03
52472644;52472644;1D003;A;52.1;03
76391994;76391994;1A015;A;52.1;03
64107551;64107551;1D015;A;52.1;03
43197924;43197924;2C011;A;52.1;03
31094103;31094103;2D024;A;52.1;03
19615776;19615776;1A018;A;52.1;03
25385464;25385464;1B015;A;52.1;03
77419777;77419777;1A005;A;52.1;03
42637543;42637543;2A017;A;52.1;03
61300189;61300189;2C005;A;52.1;03
1951153;1951153;1D020;A;52.1;03
61470235;61470235;2B012;A;52.1;03
80135119;80135119;2B018;A;52.1;03
22595133;22595133;2D010;A;52.1;03
98028100;98028100;1D016;A;52.1;03
71076002;71076002;1A018;A;52.1;03
12750784;12750784;1B004;A;52.1;03
67628540;67628540;1B019;A;52.1;03
81253789;81253789;1A004;A;52.1;03
56834742;56834742;2D018;A;52.1;03
60566559;60566559;1A013;A;52.1;03
939024;939024;1D009;A;52.1;03
59859716;59859716;1C013;A;52.1;03
49760695;49760695;2B002;A;52.1;03
37039711;37039711;1C006;A;52.1;03
36883565;36883565;2D017;A;52.1;03
89239351;89239351;2D012;A;52.1;03
74728386;74728386;1D010;A;52.1;03
46027147;46027147;1A010;A;52.1;03
74131422;74131422;2C019;A;52.1;03
91640566;91640566;1B025;A;52.1;03
85513383;85513383;2D021;A;52.1;03
86096049;86096049;1D021;A;52.1;03
45151586;45151586;1A014;A;52.1;03
62087077;62087077;2A009;A;52.1;03
16714045;16714045;1D013;A;52.1;03
8599293;8599293;1A019;A;52.1;03
6748038;6748038;1C011;A;52.1;03
65959160;65959160;1C022;A;52.1;03
1557825;1557825;2C023;A;52.1;03
1718989;1718989;2D002;A;52.1;03
7816963;7816963;1B019;A;52.1;03
38753315;38753315;2D009;A;52.1;03
57285082;57285082;2C022;A;52.1;03
59412462;59412462;1C003;A;52.1;03
75171990;75171990;2D007;A;52.1;03
78982463;78982463;2C001;A;52.1;03
95660830;95660830;1C017;A;52.1;03
33471079;33471079;1C005;A;52.1;03
13971138;13971138;2D023;A;52.1;03
57918746;57918746;1D005;A;52.1;03
23482688;23482688;2B011;A;52.1;03
44508620;44508620;2A022;A;52.1;03
30694664;30694664;2C001;A;52.1;03
73582711;73582711;2C013;A;52.1;03
86155643;86155643;1A005;A;52.1;03
79787292;79787292;2D009;A;52.1;03
27766709;27766709;1C024;A;52.1;03
4335223;4335223;1D006;A;52.1;03
23393663;23393663;2D014;A;52.1;03
27908760;27908760;1B002;A;52.1;03
74206851;74206851;1B013;A;52.1;03
87543583;87543583;2B002;A;52.1;03
90113762;90113762;1B021;A;52.1;03
98307662;98307662;2A023;A;52.1;03
67166423;67166423;1C019;A;52.1;03
55715509;55715509;2B015;A;52.1;03
43368493;43368493;2D015;A;52.1;03
44936896;44936896;2B022;A;52.1;03
94447025;94447025;2B020;A;52.1;03
61076868;61076868;2B003;A;52.1;03
25132655;25132655;2B017;A;52.1;03
48889510;48889510;1A004;A;52.1;03
95855340;95855340;2B016;A;52.1;03
99481307;99481307;2A024;A;52.1;03
3171566;3171566;2D003;A;52.1;03
23710721;23710721;1C022;A;52.1;03
34162019;34162019;1D018;A;52.1;03
40103363;40103363;1B002;A;52.1;03
17384276;17384276;2A009;A;52.1;03
83316066;83316066;1D017;A;52.1;03
40393735;40393735;2B012;A;52.1;03
38053351;38053351;2A002;A;52.1;03
15112812;15112812;2C008;A;52.1;03
37871862;37871862;2A002;A;52.1;03
93330640;93330640;2D011;A;52.1;03
80833506;80833506;2D013;A;52.1;03
46584334;46584334;1B024;A;52.1;03
77678786;77678786;2B019;A;52.1;03
27854356;27854356;1A007;A;52.1;03
63049621;63049621;2D025;A;52.1;03
25699143;25699143;2D025;A;52.1;03
2883737;2883737;2C015;A;52.1;03
17026368;17026368;2B024;A;52.1;03
87304642;87304642;2C019;A;52.1;03
16849331;16849331;2D002;A;52.1;03
32509222;32509222;1D010;A;52.1;03
24297296;24297296;2C012;A;52.1;03
416594;416594;2C014;A;52.1;03
30174489;30174489;1C009;A;52.1;03
37036912;37036912;2B017;A;52.1;03
34634876;34634876;2C025;A;52.1;03
72926315;72926315;2D021;A;52.1;03
24528507;24528507;2A015;A;52.1;03
26710565;26710565;1C025;A;52.1;03
7086116;7086116;1B008;A;52.1;03
94177991;94177991;2B004;A;52.1;03
86620229;86620229;1A009;A;52.1;03
19357699;19357699;1C013;A;52.1;03
9016268;9016268;2C014;A;52.1;03
97044053;97044053;2D020;A;52.1;03
75426097;75426097;1A011;A;52.1;03
45493433;45493433;2D002;A;52.1;03
28008834;28008834;1B007;A;52.1;03
30806091;30806091;2C024;A;52.1;03
99855453;99855453;2D016;A;52.1;03
44087863;44087863;1D009;A;52.1;03
49824961;49824961;1D025;A;52.1;03
44263220;44263220;2B010;A;52.1;03
9173083;9173083;2D010;A;52.1;03
2975414;2975414;1C010;A;52.1;03
91039839;91039839;2D014;A;52.1;03
5004111;5004111;1D007;A;52.1;03
38153118;38153118;1C013;A;52.1;03
1559063;1559063;1B002;A;52.1;03
44276924;44276924;1A003;A;52.1;03
69448965;69448965;2A008;A;52.1;03
17330008;17330008;1D014;A;52.1;03
92587561;92587561;1B016;A;52.1;03
87420622;87420622;2A014;A;52.1;03
28036583;28036583;1D010;A;52.1;03
76821542;76821542;2D005;A;52.1;03
40543453;40543453;2B022;A;52.1;03
66541266;66541266;2D015;A;52.1;03
77638268;77638268;1C022;A;52.1;03
68596580;68596580;1A005;A;52.1;03
7938366;7938366;2C012;A;52.1;03
49238143;49238143;2B011;A;52.1;03
31503484;31503484;1B017;A;52.1;03
50009549;50009549;1A003;A;52.1;03
85212055;85212055;2D016;A;52.1;03
33919606;33919606;2C021;A;52.1;03
68046503;68046503;2C007;A;52.1;03
99083136;99083136;1B001;A;52.1;03
10294881;10294881;1C007;A;52.1;03
57594346;57594346;1B001;A;52.1;03
24724515;24724515;2D003;A;52.1;03
8540992;8540992;2D007;A;52.1;03
50112046;50112046;2D016;A;52.1;03
5986689;5986689;2D016;A;52.1;03
63470973;63470973;1C012;A;52.1;03
27544552;27544552;2A016;A;52.1;03
61251124;61251124;1C012;A;52.1;03
95511968;95511968;2B002;A;52.1;03
65759783;65759783;2A021;A;52.1;03
63523533;63523533;1D014;A;52.1;03
33410305;33410305;2A024;A;52.1;03
663824;663824;1A020;A;52.1;03
70346933;70346933;1B017;A;52.1;03
57266267;57266267;2A013;A;52.1;03
96901635;96901635;1A024;A;52.1;03
316180;316180;1C004;A;52.1;03
80322520;80322520;1A013;A;52.1;03
45933598;45933598;1D004;A;52.1;03
30850785;30850785;2C020;A;52.1;03
34968687;34968687;1B025;A;52.1;03
79858451;79858451;1B004;A;52.1;03
55675629;55675629;2D010;A;52.1;03
77323142;77323142;1B015;A;52.1;03
82664931;82664931;1C024;A;52.1;03
40054829;40054829;1A014;A;52.1;03
90631142;90631142;1B013;A;52.1;03
43986621;43986621;1C023;A;52.1;03
92113022;92113022;1B017;A;52.1;03
21767879;21767879;1C013;A;52.1;03
23675378;23675378;1B016;A;52.1;03
64418849;64418849;1B009;A;52.1;03
17188624;17188624;1A001;A;52.1;03
48553068;48553068;1A016;A;52.1;03
30229288;30229288;1B014;A;52.1;03
88431772;88431772;2C014;A;52.1;03
53461568;53461568;1A020;A;52.1;03
87859420;87859420;1B014;A;52.1;03
95329997;95329997;1D023;A;52.1;03
55742373;55742373;2A004;A;52.1;03
35398936;35398936;1B012;A;52.1;03
1824123;1824123;2A008;A;52.1;03
75190286;75190286;1C015;A;52.1;03
16397725;16397725;2C019;A;52.1;03
31857993;31857993;2B014;A;52.1;03
1169939;1169939;1B015;A;52.1;03
90429021;90429021;1A019;A;52.1;03
20084768;20084768;2A011;A;52.1;03
85435466;85435466;2C023;A;52.1;03
93332340;93332340;2C017;A;52.1;03
88507333;88507333;1A004;A;52.1;03
98631738;98631738;1D004;A;52.1;03
2657906;2657906;1D007;A;52.1;03
23426874;23426874;2B009;A;52.1;03
72637622;72637622;1C024;A;52.1;03
14336843;14336843;1C002;A;52.1;03
8096705;8096705;1D005;A;52.1;03
28852746;28852746;2C017;A;52.1;03
81824820;81824820;2A017;A;52.1;03
43304729;43304729;2C009;A;52.1;03
52060559;52060559;2B009;A;52.1;03
44050233;44050233;1A023;A;52.1;03
10325838;10325838;2A025;A;52.1;03
58711483;58711483;1D013;A;52.1;03
36741014;36741014;2C004;A;52.1;03
65457542;65457542;1A022;A;52.1;03
35148955;35148955;1C022;A;52.1;03
60300858;60300858;2D003;A;52.1;03
66933915;66933915;1A018;A;52.1;03
18501681;18501681;1D020;A;52.1;03
82061328;82061328;2B005;A;52.1;03
6439310;6439310;1C024;A;52.1;03
20487507;20487507;2A012;A;52.1;03
36021862;36021862;2B012;A;52.1;03
36954007;36954007;2B009;A;52.1;03
58524835;58524835;1D019;A;52.1;03
58123165;58123165;2C025;A;52.1;03
62132249;62132249;2D010;A;52.1;03
79069741;79069741;2D013;A;52.1;03
45460894;45460894;2A014;A;52.1;03
39395068;39395068;1B008;A;52.1;03
22227083;22227083;2B017;A;52.1;03
14530015;14530015;1A022;A;52.1;03
74456494;74456494;2A023;A;52.1;03
87008235;87008235;1B002;A;52.1;03
74165182;74165182;2A025;A;52.1;03
85137446;85137446;2B012;A;52.1;03
51582108;51582108;2C008;A;52.1;03
21537019;21537019;2D012;A;52.1;03
27397743;27397743;2D020;A;52.1;03
91146234;91146234;1A024;A;52.1;03
68780401;68780401;1A003;A;52.1;03
61876632;61876632;1C010;A;52.1;03
19016889;19016889;1B001;A;52.1;03
48091740;48091740;2D018;A;52.1;03
23476286;23476286;2B023;A;52.1;03
63598721;63598721;2B007;A;52.1;03
65948193;65948193;2A017;A;52.1;03
15789566;15789566;2C024;A;52.1;03
22114235;22114235;2D020;A;52.1;03
6602084;6602084;2D021;A;52.1;03
92698645;92698645;2D019;A;52.1;03
39150500;39150500;1C024;A;52.1;03
21096419;21096419;1D022;A;52.1;03
74873799;74873799;2D007;A;52.1;03
33471921;33471921;1D016;A;52.1;03
36159297;36159297;2A009;A;52.1;03
40552356;40552356;1A004;A;52.1;03
61076575;61076575;2A004;A;52.1;03
28039206;28039206;1C014;A;52.1;03
62017376;62017376;1B007;A;52.1;03
18007976;18007976;2C017;A;52.1;03
85088303;85088303;2A025;A;52.1;03
23395382;23395382;2A001;A;52.1;03
67445938;67445938;1B004;A;52.1;03
16269680;16269680;1A005;A;52.1;03
26121165;26121165;2D004;A;52.1;03
73084632;73084632;1C014;A;52.1;03
2959041;2959041;2B013;A;52.1;03
8172848;8172848;2C019;A;52.1;03
46878089;46878089;1A017;A;52.1;03
87868335;87868335;1D009;A;52.1;03
97026952;97026952;2C025;A;52.1;03
15445883;15445883;1D010;A;52.1;03
13338652;13338652;2D003;A;52.1;03
74662781;74662781;2B014;A;52.1;03
97324360;97324360;2A013;A;52.1;03
27636348;27636348;2B025;A;52.1;03
35556989;35556989;2D025;A;52.1;03
41306215;41306215;2C023;A;52.1;03
63601189;63601189;2A019;A;52.1;03
75844858;75844858;1A001;A;52.1;03
33594558;33594558;2A015;A;52.1;03
50089109;50089109;1B021;A;52.1;03
42547140;42547140;1B024;A;52.1;03
34065861;34065861;1C023;A;52.1;03
91109859;91109859;1C006;A;52.1;03
82235654;82235654;2C007;A;52.1;03
13623544;13623544;1D013;A;52.1;03
26632844;26632844;1C002;A;52.1;03
21545823;21545823;2D020;A;52.1;03
32358365;32358365;2D008;A;52.1;03
43711539;43711539;2C016;A;52.1;03
46420317;46420317;2D013;A;52.1;03
55260348;55260348;1C010;A;52.1;03
77712636;77712636;2A003;A;52.1;03
37855107;37855107;2D010;A;52.1;03
80071479;80071479;1C010;A;52.1;03
98596520;98596520;2B016;A;52.1;03
42475989;42475989;1B024;A;52.1;03
72989831;72989831;1B015;A;52.1;03
69873689;69873689;1A007;A;52.1;03
8825030;8825030;1A013;A;52.1;03
82286943;82286943;2C017;A;52.1;03
49086368;49086368;1A013;A;52.1;03
76845741;76845741;2B007;A;52.1;03
66049877;66049877;1D006;A;52.1;03
67326175;67326175;1B008;A;52.1;03
33316087;33316087;1B016;A;52.1;03
22239933;22239933;2B007;A;52.1;03
84295577;84295577;2B019;A;52.1;03
84492524;84492524;2B019;A;52.1;03
89079885;89079885;2D025;A;52.1;03
36942261;36942261;1C022;A;52.1;03
87377731;87377731;1C008;A;52.1;03
25825009;25825009;1B002;A;52.1;03
89973989;89973989;1A007;A;52.1;03
97592817;97592817;1B018;A;52.1;03
55855724;55855724;2A017;A;52.1;03
95178061;95178061;1D016;A;52.1;03
48720679;48720679;2D001;A;52.1;03
29454426;29454426;1C001;A;52.1;03
36342180;36342180;1A021;A;52.1;03
94734481;94734481;2D016;A;52.1;03
29897758;29897758;1D018;A;52.1;03
83746291;83746291;2B003;A;52.1;03
23004531;23004531;1B007;A;52.1;03
84139810;84139810;2B016;A;52.1;03
61081292;61081292;2D024;A;52.1;03
32318596;32318596;2C009;A;52.1;03
5738710;5738710;2A018;A;52.1;03
85809591;85809591;1C003;A;52.1;03
93321576;93321576;1C024;A;52.1;03
94372026;94372026;2C021;A;52.1;03
36425827;36425827;1A014;A;52.1;03
46111065;46111065;2A011;A;52.1;03
99743436;99743436;1D023;A;52.1;03
49309979;49309979;2B006;A;52.1;03
540571;540571;2D016;A;52.1;03
74463597;74463597;2C023;A;52.1;03
32707606;32707606;2A013;A;52.1;03
61059466;61059466;1A021;A;52.1;03
70909783;70909783;2C008;A;52.1;03
16884207;16884207;1D025;A;52.1;03
70147483;70147483;2D015;A;52.1;03
99822297;99822297;2B003;A;52.1;03
28346275;28346275;2D017;A;52.1;03
7714432;7714432;1C018;A;52.1;03
48611651;48611651;2A003;A;52.1;03
512437;512437;1B011;A;52.1;03
32583977;32583977;1D019;A;52.1;03
37915899;37915899;2B018;A;52.1;03
59530366;59530366;2B007;A;52.1;03
85879963;85879963;1C004;A;52.1;03
33030404;33030404;1B017;A;52.1;03
25186438;25186438;1B019;A;52.1;03
49617579;49617579;1D004;A;52.1;03
12811528;12811528;1A013;A;52.1;03
94411097;94411097;1C025;A;52.1;03
62278673;62278673;1C005;A;52.1;03
143411;143411;2B011;A;52.1;03
38488916;38488916;1C022;A;52.1;03
72094033;72094033;1D012;A;52.1;03
77656013;77656013;1D017;A;52.1;03
44773842;44773842;2A008;A;52.1;03
55236005;55236005;1A007;A;52.1;03
8038814;8038814;2A011;A;52.1;03
65621097;65621097;1B001;A;52.1;03
80761268;80761268;2A018;A;52.1;03
6213511;6213511;2A013;A;52.1;03
92103751;92103751;2A023;A;52.1;03
66338492;66338492;1C005;A;52.1;03
60430542;60430542;2A018;A;52.1;03
7623558;7623558;1D024;A;52.1;03
78362437;78362437;2D017;A;52.1;03
51000198;51000198;2C008;A;52.1;03
72119574;72119574;1A008;A;52.1;03
43460316;43460316;2C021;A;52.1;03
35771271;35771271;2D018;A;52.1;03
30286371;30286371;2A019;A;52.1;03
47091632;47091632;2D014;A;52.1;03
87568126;87568126;2A005;A;52.1;03
93071119;93071119;1C001;A;52.1;03
53591179;53591179;2D013;A;52.1;03
99255762;99255762;1B021;A;52.1;03
30885060;30885060;2A018;A;52.1;03
71514843;71514843;2A015;A;52.1;03
1697857;1697857;1C003;A;52.1;03
25662483;25662483;1A020;A;52.1;03
97178310;97178310;1D008;A;52.1;03
67685856;67685856;1B015;A;52.1;03
48728645;48728645;2B023;A;52.1;03
48655102;48655102;1A005;A;52.1;03
65638805;65638805;1B007;A;52.1;03
89048732;89048732;2B024;A;52.1;03
